Source,Target
Adhocracy,Civic technology
Adhocracy,Collaborative document writing
Adhocracy,Debate
Adhocracy,Liquid democracy
Arguman,Mind mapping
Arguman,Debate
Arguman,Visualization
Arguman,Communication
Arguman,Analysis
Assembl,Collaboration
Assembl,Communications
Assembl,Debate
Assembl,Deliberation
Assembl,Information
Assembl,Proposal Making
Assembl,Voting System
Assembl,Decision-making
Assembl,Proposition
Audacity,Audio
Audacity,AudioVideo
Audacity,AudioVideoEditing
Audacity,Editing
Audacity,Media
BicBucStriim,Information
BicBucStriim,Knowledge
BicBucStriim,Database
BicBucStriim,Books
BicBucStriim,Library
BicBucStriim,Research
BicBucStriim,Documents
BicBucStriim,Reading
BillIt,Searching
BillIt,Documents
BillIt,Bills
BillIt,Budgeting
BillIt,Archive
BillIt,Management
BillIt,Organizing
Civi,Customer relationship management (CRM)
Civi,Constituency
Civi,Collaboration
Civi,Contacts
Civi,Grant
Civi,Campaign
Civi,Petition
Civi,Bulk messenging
Civi,Members
Civi,Events
Civi,Contributors
Civi,Activities
Civi,Organization
Civi,Planning
Civi,Management
Civi,Fundraising
Civi,Database
CiviCRM,Customer relationship management (CRM)
CiviCRM,Collaboration
CiviCRM,Contacts
CiviCRM,Grant
CiviCRM,Campaign
CiviCRM,Petition
CiviCRM,Bulk messenging
CiviCRM,Members
CiviCRM,Events
CiviCRM,Contributors
CiviCRM,Activities
CiviCRM,Organization
CiviCRM,Planning
CiviCRM,Management
CiviCRM,Fundraising
CiviCRM,Constituency
CiviCRM,Database
CKAN,Data management
CKAN,Data
CKAN,Management
CKAN,Open data
CKAN,Portal
CKAN,Publishing
CKAN,Data management system (DMS)
CKAN,Data hub
CKAN,Storage
CKAN,Dataset
Consider.it,Debate
Consider.it,Engagement
Consider.it,Decision-making
Consider.it,Group
Consider.it,Decentralized
Consider.it,Deliberation
Consider.it,Moderation
Consider.it,Private conversations
Consider.it,Opinion analytics
Consider.it,SWOT
Consider.it,Forum
Consider.it,"label
Issues    Issues
Issues    Issues
Name: label, dtype: object"
Consul,Ideation
Consul,Participation
Consul,Debate
Consul,Proposition
Consul,Participatory budget
Consul,Engagement
Controle Parlementaire Citoyens,Data
Controle Parlementaire Citoyens,Management
Controle Parlementaire Citoyens,Web development
Controle Parlementaire Citoyens,Scraping
Cuttlefish,Messaging
Cuttlefish,"label
Email    Email
Email    Email
Name: label, dtype: object"
Cuttlefish,Server
Cuttlefish,Transactional email
Datea,Mapping
Datea,Open Data
Datea,Reporting
Datea,Collaborative
Datea,"label
Crowdmapping    Crowdmapping
Crowdmapping    Crowdmapping
Name: label, dtype: object"
Datea,Engagement
Datea,Crowdsourcing
DemocracyOS,Contribution and Decision Making
DemocracyOS,Debate
DemocracyOS,Deliberation
DemocracyOS,Group decision-making
DemocracyOS,Legislation
DemocracyOS,Proposal Making
DemocracyOS,Voting
DemocracyOS,Voting System
DemocracyOS,Engagement
DemocracyOS,Arguments
DemocracyOS,Open government
DemocracyOS,Propositions
Demodyne,Decision making
Demodyne,Administration
Demodyne,Citizen
Demodyne,Proposition
Demodyne,Engagement
Demodyne,Co-construction
Demodyne,Collaborative
Demodyne,Choose a program
Demodyne,Voting
Demodyne,"label
Budget    Budget
Budget    Budget
Name: label, dtype: object"
Demodyne,Public spending
Demodyne,Political candidacy
Demodyne,Project management
Diaspora,Social network
Diaspora,Decentralized
Discourse,Deliberation
Discourse,Discussion forum
Discourse,Group communication tools
Discourse,Forum
Discourse,Tagging
Discourse,Voting
Discourse,Community
Discourse,Communication
Discourse,Moderation
Discourse,Trust System
Discourse,Reading
Discourse,Notifications
Discourse,Analytics
Discourse,Metrics
Discourse,Mailing list
Django,Framework
Django,Web development
Django,Programming
Django,Creating a website
Django,Web app
Django,Developing
Django FixMyStreet,Issue reporting
Django FixMyStreet,Mapping
Django FixMyStreet,Reporting
Django FixMyStreet,Public services
Django FixMyStreet,Platform
Django FixMyStreet,"label
Issues    Issues
Issues    Issues
Name: label, dtype: object"
DKAN,Data management
DKAN,Data
DKAN,Management
DKAN,Open data
DKAN,Portal
DKAN,Publishing
DKAN,Data management system (DMS)
DKAN,Data hub
DKAN,Storage
DKAN,Dataset
Drupal,Content management system (CMS)
Drupal,Blog
Drupal,Communication
Drupal,Publishing
Drupal,Framework
Drupal,Content management framework (CMF)
Drupal,Developing
Drupal,Creating a website
Drupal,Web development
Elections,Event
Elections,Management
Elections,Organization
Elections,Planning
Elections,Project management
Elections,Data management
Elections,Data
Elections,Analysis
Elections,Reports
Elections,Election monitoring
Elections,Visualization
EtherCalc,Data
EtherCalc,Spreadsheet
EtherCalc,Crowdsourcing
EtherCalc,Calculation
EtherCalc,Collaborative
Etherpad,Proposal Making
Etherpad,Document
Etherpad,Editor
Etherpad,Collaborative
Etherpad,Real-time
Etherpad,Text
Firefox,Browser
Firefox,Read
Firefox,Searching
Firefox,Researching
Firefox,Web browser
Firefox,Web
Firepad,Text
Firepad,Document
Firepad,Editor
Firepad,Collaborative
Firepad,Real-time
Firepad,Text
FixMyCommunity,Issue reporting
FixMyCommunity,Mapping
FixMyCommunity,Reporting
FixMyCommunity,Public services
FixMyCommunity,Platform
FixMyCommunity,"label
Issues    Issues
Issues    Issues
Name: label, dtype: object"
FixMyStreet,Issue reporting
FixMyStreet,Mapping
FixMyStreet,Reporting
FixMyStreet,Public services
FixMyStreet,Platform
FixMyStreet,"label
Issues    Issues
Issues    Issues
Name: label, dtype: object"
Framadate,Scheduling
Framadate,Poll
Framadate,Meeting
Framadate,Date
Framadate,Mobilizing
Framadate,Meeting
Gitlab CE,Forge
Gitlab CE,Repository
Gitlab CE,Versioning
Gitlab CE,Development
Gitlab CE,Software development
Gitlab CE,Feedback
Gitlab CE,Ideation
Gitlab CE,Planning
Gitlab CE,Collaborative
Gitlab CE,Issue tracking
"label
Issues    Issues
Issues    Issues
Name: label, dtype: object",Q&A
"label
Issues    Issues
Issues    Issues
Name: label, dtype: object",Engagement
"label
Issues    Issues
Issues    Issues
Name: label, dtype: object",Video
"label
Issues    Issues
Issues    Issues
Name: label, dtype: object",Audio
Jitsi,Call
Jitsi,Conference
Jitsi,Meeting
Jitsi,Audio
Jitsi,Video
Jitsi,VoIP
Jitsi Meet,Call
Jitsi Meet,Conference
Jitsi Meet,Meeting
Jitsi Meet,Audio
Jitsi Meet,Video
Jitsi Meet,VoIP
Kanboard,Campaign organizing platforms
Kanboard,Project Management
Kanboard,Kanban
Kanboard,Management
Kanboard,Board
Kanboard,Collaborative
LiquidFeedback,Content management system
LiquidFeedback,Contribution and Decision Making
LiquidFeedback,Deliberation
LiquidFeedback,Proposal Making
LiquidFeedback,Voting
LiquidFeedback,Decision-making
LiquidFeedback,Deliberation
LiquidFeedback,Collective moderation
LiquidFeedback,Delegative democracy
LiquidFeedback,Liquid democracy
Loomio,Civic forums
Loomio,Contribution and Decision Making
Loomio,Debate
Loomio,Decision-making software
Loomio,Deliberation
Loomio,Group decision support system (GDSS)
Loomio,Joint Decision Making
Loomio,Online dialogue and deliberation
Loomio,Proposal Making
Loomio,Voting
Lstu,URL shortening
Lstu,Sharing
Lstu,Online service
Lstu,Link
Lufi,Sharing
Lufi,File
Lufi,Privacy
Lufi,Anonymous
Lufi,Temporary
Lufi,Hosting
Lufi,Transfering
Lutim,Image
Lutim,Sharing
Lutim,Media
Lutim,Hosting
Lutim,Privacy
Lutim,Anonymous
MapIt,Mapping
MapIt,Legislative
MapIt,Constituency
MapIt,Open data
Mark-a-Spot,Issue reporting
Mark-a-Spot,Mapping
Mark-a-Spot,Reporting
Mark-a-Spot,Public services
Mark-a-Spot,Platform
Mark-a-Spot,"label
Issues    Issues
Issues    Issues
Name: label, dtype: object"
Mattermost,Self-hosted
Mattermost,Discussion
Mattermost,Chat
Mattermost,Collaboration
Mattermost,Communication
Mattermost,Team
Mattermost,Group
Mattermost,Instant messaging
Mattermost,Hashtag
MediaWiki,Wiki
MediaWiki,server
Mumble,VoIP software
Mumble,Audio
Mumble,VoIP
Mumble,Calling
Mumble,Discussion
Mumble,Group
OGP Toolbox,Catalogue
OGP Toolbox,Scraping
OwnCloud,File
OwnCloud,Hosting
OwnCloud,Storage
OwnCloud,Synchronization
OwnCloud,Sharing
Petitions,Petition
Petitions,Engagement
Petitions,Voting
Petitions,Petition
Petitions,Engagement
Petitions,Voting
Petitions,Petition
Petitions,Engagement
Petitions,Voting
e-petitions,Petition
e-petitions,Engagement
e-petitions,Voting
phpBB,Discussion forum
phpBB,Forum
phpBB,Discussion
phpBB,Community
Plateforme de participation Cap Collectif,Public
Plateforme de participation Cap Collectif,Consultation
Plateforme de participation Cap Collectif,Debate
Plateforme de participation Cap Collectif,Law making
Plateforme de participation Cap Collectif,Document
Pombola,Open parliament
Pombola,Open government
Pombola,Participation
Pombola,Parliament
Pombola,Lawmaking
Pombola,Parliamentary monitoring
Pombola,Watching
Question2Answer,Q&A
Question2Answer,Participation
Question2Answer,Propositions
Question2Answer,Voting
Question2Answer,Debate
Represent Boundaries,Mapping
Rocket.chat,Communication
Rocket.chat,Instant messaging
Rocket.chat,Chat
Rocket.chat,Collaboration
Rocket.chat,Team
Rocket.chat,Group
Rocket.chat,Discussion
Rocket.chat,Self-hosted
SayIt,Document
SayIt,Sharing
SayIt,Transcript
Searx,Searching
Searx,Search engine
Searx,Research
SVG-edit,Design
SVG-edit,Vector
SVG-edit,Creativity
SVG-edit,Editing
SVG-edit,Media
SVG-edit,Image
TheyWorkForYou,Open parliament
TheyWorkForYou,Parliament
TheyWorkForYou,Watching
TheyWorkForYou,Open government
TheyWorkForYou,Lawmaking
TheyWorkForYou,Parliamentary monitoring
TimelineJS,Storytelling
TimelineJS,Presentation
TimelineJS,Visualization
TimelineJS,Timeline
Tiny Tiny RSS,RSS
Tiny Tiny RSS,News
Tiny Tiny RSS,Reader
uData,Open data
uData,Portal
uData,Publishing
uMap,Mapping
uMap,Crowdsourcing
uMap,Collaborative
uMap,Visualization
uMap,Data
uMap,"label
Crowdmapping    Crowdmapping
Crowdmapping    Crowdmapping
Name: label, dtype: object"
uMap,Online service
uMap,Map
Wallabag,Reader
Wallabag,Offline
Wallabag,Saving
Wallabag,Media
Wallabag,Text
Wallabag,Saving
Wallabag,Bookmarking
Wisemapping,Mind mapping
Wisemapping,Visualization
Wisemapping,Relations
Wisemapping,Information
Wisemapping,Network
Wisemapping,Ideation
WordPress,Blog
WordPress,Communication
WordPress,Content management system (CMS)
WordPress,Publishing
WordPress,eCommerce
WriteIt,Messaging
WriteIt,Engagement
WriteIt,Contacts
WriteToThem,Elected representatives
WriteToThem,Constituency
WriteToThem,Engagement
WriteToThem,Constituent to Government communication
WriteToThem,Communication
WriteToThem,Information
WriteToThem,Open data
Zerobin,Text
Zerobin,Privacy
Zapier,Automation
Zapier,Integration
Zapier,Web development
Zapier,Interoperability
GetOpinionated,Voting
GetOpinionated,Liquid democracy
GetOpinionated,Document
GetOpinionated,Collaboration
Nextcloud,Storage
Nextcloud,Calendar
Redmine,Project management
Redmine,Web development
Redmine,Tasks
Open Source Event Manager,Event
Open Source Event Manager,Event
Open Source Event Manager,Management
Open Source Event Manager,Conference
Open Source Event Manager,Planning
Open Source Event Manager,Community
Open Source Event Manager,Marketing
Open Source Event Manager,Analytics
Open Source Event Manager,Scheduling
Open Source Event Manager,Registration
Hackfoldr,Document
Hackfoldr,Hackathon
Hackfoldr,Event
Hackfoldr,Organizing
Airesis,Social networking
Airesis,Direct democracy
Airesis,Community
Airesis,Group
Airesis,Participation
Airesis,Proposition
Airesis,Deliberation
Airesis,Debate
Airesis,Document sharing
Airesis,Storage
Airesis,Discussion
Airesis,Forum
Airesis,Quorum
Airesis,Anonymous
Airesis,Schulze method
Airesis,Blog
occupy.here,File sharing
occupy.here,Discussion
occupy.here,Messaging
occupy.here,Network
occupy.here,Forum
occupy.here,Hosting
occupy.here,Offline
occupy.here,Wi-Fi
occupy.here,Sharing
occupy.here,Messaging
occupy.here,Files
Scrumblr,Board
Scrumblr,Kanban
Scrumblr,Agile
Scrumblr,Project management
Scrumblr,Brainstorming
Scrumblr,Real-time
Scrumblr,Ideation
Scrumblr,Scrum
Scrumblr,Task
Scrumblr,Note-taking
Scrumblr,Collaborative
Scrumblr,Post-it
OpenSpending,Collaboration
OpenSpending,Information
OpenSpending,Map
OpenSpending,Open data
OpenSpending,Public reporting
OpenSpending,Watchdogging and Transparency
OpenSpending,"label
Budget    Budget
Budget    Budget
Name: label, dtype: object"
OpenSpending,Public finance
OpenSpending,Analysis
OpenSpending,Spending
OpenSpending,Fiscal
Attendize,Event
Attendize,Event planning
Attendize,Contacts
Attendize,Bulk messaging
Attendize,Management
OpenDataSoft,Open data
OpenDataSoft,Portal
Adopt-a-Drain,Mapping
Adopt-a-Drain,Public services
Adopt-a-Drain,"label
Issues    Issues
Issues    Issues
Name: label, dtype: object"
Adopt-a-Drain,Reporting
Adopt-a-Hydrant,Mapping
Adopt-a-Hydrant,Public services
Adopt-a-Hydrant,"label
Issues    Issues
Issues    Issues
Name: label, dtype: object"
Adopt-a-Hydrant,Reporting
Citizen Budget,Open parliament
Citizen Budget,Simulation
Citizen Budget,"label
Budget    Budget
Budget    Budget
Name: label, dtype: object"
Citizen Budget,Analysis
Citizen Budget,Data
Citizen Budget,Visualization
Citizen Budget,Tax
Citizen Budget,Government revenue
Citizen Budget,Fiscal policy
Citizen Budget,Estimation
Citizen Budget,Open government
Typo3,Content management system (CMS)
Typo3,Framework
Typo3,Data
Sigmah,Project management
Faire-simple,Proposition
Faire-simple,Ideation
Faire-simple,Discussion
Faire-simple,Q&A
Faire-simple,Reporting
Faire-simple,Progress tracking
Galette,CRM
Dolibarr,CRM
Dolibarr,ERP
LimeSurvey,Survey
LimeSurvey,Polling
LimeSurvey,Question
LimeSurvey,Q&A
CleverTaxes,"label
Budget    Budget
Budget    Budget
Name: label, dtype: object"
CleverTaxes,Visualization
Signal,Mobile
Signal,Privacy
Signal,Messaging
Signal,File sharing
Signal,Encryption
Signal,Call
Signal,Audio
ECI Online Collection Software,Petition
OpenECI,Petition
Agora Voting,Election
Agora Voting,Participatory budgeti
Agora Voting,Voting
Agora Voting,Referendum
Agora Voting,Consultation
Agora Voting,Primary
Agora Voting,Security
Agora Voting,Authentication
Skype,VoIP
Skype,Calling
Skype,Instant messaging
Skype,Chat
Skype,Discussipon
Skype,Communication
Workflowy,Project Management
Workflowy,Kanban
Workflowy,Management
Workflowy,Board
Workflowy,Collaborative
Workflowy,Note
Pidgin,Instant messaging
Pidgin,Chat
LibreCAD,Engineering
LibreCAD,Graphics
HipChat,Group communication tools
HipChat,instant messaging client
Scribus,Graphics
Scribus,Publishing
Scribus,Qt
QGIS,Information
QGIS,Visualization
QGIS,Mapping
QGIS,Geographic information system
QGIS,Data
Open311,Data schemas and standards
Symfony,Framework
Tableau,Data Analysis & Visualization
VLC media player,AudioVideo
VLC media player,Player
VLC media player,Recorder
Agora,Civic forums
Agora,Darknet market
Agora,programming language
Adobe Connect,eLearning
Adobe Connect,Conferencing
Adobe Connect,Communication
Adobe Connect,Collaboration
Adobe Connect,Content creation
Adobe Connect,Training
Adobe Connect,VoIP
Adobe Connect,Recording
Adobe Connect,Screen sharing
Adobe Connect,AudioVideo
Adobe Connect,Polling
OpenLayers,library
ArcGIS,spatial analysis software
Atom,educational game
Atom,programming language
Atom,strategy game
Atom,text editor
Atom,video game
FireChat,mobile app
Foldit,Game
Foldit,puzzle video game
Foldit,video game
The Groundwork,Campaign organizing platforms
The Groundwork,"label
Engage    Engage
Engage    Engage
Name: label, dtype: object"
The Groundwork,Campaign
The Groundwork,Grassroot
The Groundwork,Fundraising
The Groundwork,Event planning
The Groundwork,Customer relationship management (CRM)
The Groundwork,Visualization
The Groundwork,Data collection
HeliOS,Contribution and Decision Making
HeliOS,Voting
HeliOS,Voting System
HeliOS,operating system
Hustle,Campaign organizing platforms
Hustle,Instant messaging
Hustle,Productivity
Hustle,Automation
Hustle,Bulk messaging
Minecraft,Virtual world
Minecraft,action game
Minecraft,open world
Minecraft,survival game
Minecraft,video game
Congress.gov,Legislation engagement
Contratados.org,Watchdogging and Transparency
Coworker.org,Campaign organizing platforms
Coworker.org,Workplace
Coworker.org,Engagement
Coworker.org,Campaign
Coworker.org,Petition
Cuidando.org,Issue reporting
Delibera 1.0,Online dialogue and deliberation
PortoAlegre.cc,Mapping
PortoAlegre.cc,Reporting
Recovers.org,Issue reporting
Sli.do,Audience response system
Sli.do,Slide sharing
Sli.do,Event
Standards.data.gov.uk,Data schemas and standards
Ustream.TV,Live video streaming
Vida.io,Visualization
Vote.ly.g0v.tw,"Voting, registration, and election information"
Vote.org,"Voting, registration, and election information"
www.cityflag.co,Game
Pol.is,Opinion matching
Participa.br,Collaboration
Participa.br,Communications
Participa.br,Debate
Participa.br,Information
Participa.br,Engagement
Participare.io,Contribution and Decision Making
Participare.io,Proposal Making
Participare.io,Voting
OpenSecrets.org,Watchdogging and Transparency
Opensensor.io,Watchdogging and Transparency
Odkazprestarostu.sk,Issue reporting
NosDeputes,Legislation engagement
NosSenateurs.fr,Legislation engagement
News.me,News Aggregation
Mural.ly,Joint Decision Making
join.me,Communications & Meetings
Jarokelo.hu,Issue reporting
JeVousSavoir.org,Freedom of Information
Idealist.org,Resource matching/sharing
https://www.ballotready.org/,"Voting, registration, and election information"
Factcheck.org,Watchdogging and Transparency
Factcheck.ui,Watchdogging and Transparency
EveryPolitician,Open data
EveryPolitician,Engagement
eCitizens.org,Service alerts
E-Democracy.org,Civic forums
E-Democracy.org (BeNeighbors.org),Neighborhood forums
Poplus Mapit,Mapping
Poplus SayIt,Data Visualization Tools and Platforms
We the people,Mobilizing
We the people,Petition
Popolo,Data schemas and standards
email lists :p,Group communication tools
demosphere.eu,Collaborative calendars
Adobe Acrobat Connect,Web conferencing
Adopt a Drain,Mapping
Adopt a Drain,Volunteering
Adopt a Hydrant,Mapping
Adopt a Hydrant,Reporting
Betri Reykjavik,Civic engagement
Betri Reykjavik,Communications
Betri Reykjavik,Information
Betri Reykjavik,Open data
Better Reykjavik,Constituent to Government communication
Causes [Brigade],Marketplaces and Clearinghouses
Alavateli,Freedom of Information
Votizen {Causes},Service alerts
WeThePeople,Petition
WhatsApp,Mobilizing
WhatsApp,instant messaging client
WhatsApp,mobile app
Liquid Feedback,Contribution and Decision Making
Liquid Feedback,Deliberation
Liquid Feedback,Proposal Making
Liquid Feedback,Voting
Stig (fr),Group decision-making
Localocracy,Deliberation
Localocracy {Huffington Post},Legislation engagement
Get Opinionated,Debate
Get Opinionated,Engagement
ElectNext [Versa] opinion matching {Change},Opinion matching
Every Politician,Crowdsourced data collection
EveryPolitician.org,Watchdogging and Transparency
Fix my street,Mapping
Fix my street,Reporting
Open Spending,Collaboration
Open Spending,Information
Open Spending,Map
Open Spending,Open data
Open Spending,Public reporting
Open Spending,Watchdogging and Transparency
Open Spending,Watchdogging and Transparency
Street Bump,Sensors
Humanitarian OpenStreetMap,Crowdsourced data collection
Did You Feel It?,Sensors
Considerit,Debate
MapIt,Map
MapIt,Open data
MapIt,Legislative
MapIt,Constituency
Write To Them,Communications
Write To Them,Information
Write To Them,Open data
Write To Them,Constituent to Government communication
Write to Them,Constituent to Government communication
Mzalendo (Kenya),Watchdogging and Transparency
Pidgin Internet Messenger,InstantMessaging
Pidgin Internet Messenger,Network
Open 311,Data schemas and standards
4INFO,Bulk messaging
4INFO,Communication
¿Cuántas más?,Information
¿Cuántas más?,Map
¿Cuántas más?,Open data
¿Cuántas más?,Engagement
¿Dónde Reciclo?,Environment
¿Dónde Reciclo?,Information
¿Dónde Reciclo?,Open data
¿Hay Acuerdo?,Communications
¿Hay Acuerdo?,Open data
¿Hay Acuerdo?,Conflicts
¿Hay Acuerdo?,Data visualization
@Stake,Game
@Stake,Urban planning
2nd City Zoning,Map
311 Online,Mapping
311 Online,Reporting
38degrees,Petition
A Tu Nombre,Communications
A Tu Nombre,Information
A Tu Nombre,Map
A Tu Servicio,Information
A Tu Servicio,Open data
Accountable,Watchdogging and Transparency
Action Network,Campaign organizing platforms
Action Path,Ideation
ActionKit,Campaign organizing platforms
activeCollab,Project Management
AGORA-net,Argument mapping
agreeAdate,Scheduling & Calendar Sharing
Airbnb Disaster Response,Resource matching/sharing
Alaveteli,Engagement
Alaveteli,Information
Alaveteli,Open data
Alfresco,Content management system
Alfresco,File Sharing & Collaborative Writing
All Our Ideas,Ideation
All Our Ideas,Brainstorming
Amicus,Campaign organizing platforms
Ammado,Fundraising
Ammado,Communication
Ammado,Engagement
Apache JMeter,Development
Apache Roller,Blog
Apache Roller,Blog
Aportemos,Mapping
Aportemos,Reporting
Artificial Intelligence for Disaster Response,Artificial Intelligence and Bots
Asana,Project Management
Ask Izzy,Benefit Navigation
AskThem,Petition
Atlatszo,Watchdogging and Transparency
Attentiv,Communications & Meetings
AuntBertha,Benefit Navigation
Autistici,Mobilizing
Avaaz,Mobilizing
Avaaz,Petition
Avoin Ministerio (Open Ministry),Legislation
Azendoo,Project Management
Backseat Budgeter,Budget simulator
Backseat Budgeter,"label
Budget    Budget
Budget    Budget
Name: label, dtype: object"
Backseat Budgeter,Engagement
Backseat Budgeter,Game
Balancing Act,Budget simulator
Ballot Ready,"Voting, registration, and election information"
Basecamp,Project Management
Bay Area Regional Planner,Game
bCisive,Argument mapping
bCisive Online,Argument mapping
BenefitKitchen,Benefit Navigation
Bill Watcher,Legislation
Bill Watcher,Open data
Bill-it,Information
Bill-it,Legislation
Bill-it,Open data
BillCam,Legislation engagement
BiPart,Deliberation
BiPart,Proposal Making
BiPart,Voting
Bite the Ballot,"Voting, registration, and election information"
Bitmessage,Mobilizing
Block'hood,Game
BlogEngine.NET,Blog
Blogger,Blog
Blogger,social networking service
Blue Button,Data schemas and standards
Boardthing,Virtual whiteboard
BoardWorks,Collaboration
Box,File Sharing & Collaborative Writing
Brainstorm Anywhere,Ideation
Brainstorm Anywhere,Brainstorming
Breezometer,Sensors
Brigade,Opinion matching
Brookings Democracy Dashboard,Data Visualization Tools and Platforms
"label
Budget    Budget
Budget    Budget
Name: label, dtype: object","label
Budget    Budget
Budget    Budget
Name: label, dtype: object"
"label
Budget    Budget
Budget    Budget
Name: label, dtype: object",Information
"label
Budget    Budget
Budget    Budget
Name: label, dtype: object",Open data
Budget Allocator,Budget simulator
Budget G0V TW,Data Visualization Tools and Platforms
Budget Key,Watchdogging and Transparency
Budget Simulator,Budget simulator
Building & Land Development Specification (BLDS),Data schemas and standards
Burning Board,Discussion forum
California Report Card,Contribution and Decision Making
California Report Card,Voting
Campaignion,Campaign organizing platforms
Campfire,Communications & Meetings
Canaree,Freedom of Information
CAP Protocol,Service alerts
Capitol Bells,Legislation engagement
CartoDB,Mapping
CartoDB,Visualization
Catchafire,Resource matching/sharing
Causes,Communication
Causes,Fundraising
Causes,Mobilizing
Causes,Petition
Center for Technology & Civic Life's election administration web template,"Voting, registration, and election information"
Central Desktop,Project Management
Change,Mobilizing
Change,Petition
Change by US,Communication
Change by US,Mobilizing
Change by US,Scheduling
Change by US,Volunteering
Change Decisionmakers,Government to constituent communications
Changing the present,Donations
Changing the present,Fundraising
Chatter,Collaboration
Chequealo,Watchdogging and Transparency
Chicago Cityscape,Data Visualization Tools and Platforms
Chromium Web Browser,Network
Chromium Web Browser,WebBrowser
Cidade Democratica,Contribution and Decision Making
Cidade Democratica,Deliberation
Cidade Democratica,Design Challenges
Cidade Democratica,Proposal Making
Citizen beta,Civic forums
Citizen Budget,Contribution and Decision Making
Citizen Budget,Deliberation
Citizen Budget,Voting
Citizen Budget,"label
Budget    Budget
Budget    Budget
Name: label, dtype: object"
Citizen Budget,Engagement
Citizen Budget,Decision making
Citizen Budget,Budget simulator
Citizen Budget,Constituent to Government communication
Citizen Connect,Mapping
Citizen Connect,Reporting
Citizen Cosponsor,Mobilizing
Citizen Cosponsor,Petition
CitizenGO,Mobilizing
CitizenGO,Petition
Citizinvestor,"label
Crowdfunding    Crowdfunding
Crowdfunding    Crowdfunding
Name: label, dtype: object"
City Beat,Crowdsourcing
City dashboards,Data Visualization Tools and Platforms
City Sourced,Mapping
City Sourced,Reporting
CityGML,Data schemas and standards
Citygram,Service alerts
CityMart,Marketplaces and Clearinghouses
CityMis,Mapping
CityMis,Reporting
"CitySDK - more of a toolkit for programmers than a data standard, but it does implicitly include some standardized data structures.",Data schemas and standards
CitySourced,Issue reporting
Civic Commons,Collections
Civic Seed,Game
civic.json,Data schemas and standards
CivicIQ,Group communication tools
Civinomics,Group decision-making
CIVITAS,Voting
CMU condersec voting,Group decision-making
Cobi: Community based scheduling,Group decision-making
Code for Germany,Open data
CodeandoMexico,Mobilizing
CodeandoMexico,Petition
Codigital,Joint Decision Making
Codigital,Ideation
Codigital,Brainstorming
Cognitive Games for Civics,Game
Colab re,Mapping
Colab re,Reporting
Collideoscope,Crowdsourcing
Comment Rating (Wordpress plugin),Plug-in
Comment Rating (Wordpress plugin),Blog
Community Lovers Guide for placemaking,Collections
Community Media Drupal Summit,Collaborative calendars
Community Plan IT,Game
Community PlanIt,Constituent to Government communication
Conceptboard,Communications & Meetings
Condorcet Internet Voting,Voting
Congreso Abierto,Legislation
Congreso Abierto,Open data
Connected Messages,Game
Constitución.al,Communications
Constitución.al,Education
Constitución.al,Information
Contact Congress,Constituent to Government communication
ControlShift,Petition
Conversations,instant messaging client
Councilmatic,Legislation engagement
CouncilStat NYC,Government to constituent communications
Countable,Legislation engagement
Crisis Commons,Crowdsourcing
Crisis Tracker,Crisis Management
Crisis Tracker,Mapping
Crisis Tracker,Reporting
Crowd Voice,Map
Crowd Voice,Public reporting
Crowdbrite,Ideation
Crowdbrite,Brainstorming
Crowdfit Open,Contribution and Decision Making
Crowdfit Open,Donations
Crowdfit Open,Fundraising
Crowdfunder,"label
Crowdfunding    Crowdfunding
Crowdfunding    Crowdfunding
Name: label, dtype: object"
CrowdHall,Virtual townhall
Crowdicity,Ideation
Crowdmap,Mapping
CrowdMap (Ushahidi),Information Access
CrowdMap (Ushahidi),Mapping
Crowdmap Plus (Usahidi),Mapping
CrowdMap Plus (Ushahidi),Information Access
CrowdMap Plus (Ushahidi),Mapping
"label
Crowdmapping    Crowdmapping
Crowdmapping    Crowdmapping
Name: label, dtype: object",Crowdsourcing
Crowdpac,"label
Crowdfunding    Crowdfunding
Crowdfunding    Crowdfunding
Name: label, dtype: object"
CUSP Quantified Communities,Sensors
D3,Visualization
Databasic,Data Visualization Tools and Platforms
DataUSA,Data Visualization Tools and Platforms
DataViva,Data Visualization Tools and Platforms
DCLG Waste Standards,Data schemas and standards
Debategraph,Argument mapping
Decision-Maker,Group decision support system (GDSS)
decisiontree,Group decision support system (GDSS)
Decoro Urbano,Mapping
Decoro Urbano,Reporting
Deebase,Deliberation
Deebase,Ideation
Deebase,Online dialogue and deliberation
Deebase,Proposal Making
Deliberatorium,Online dialogue and deliberation
Delicious,Data Organizing
Delvicher,Watchdogging and Transparency
Deme,Online dialogue and deliberation
Democracy 2.1,E-voting
Democracy Club,"Voting, registration, and election information"
DemocracyMap,Watchdogging and Transparency
DEMOS,Unix-like
DEMOS,operating system
Dialogue,Ideation
Dialogue App,Deliberation
Did You Feel It?,Crisis Management
Did You Feel It?,Mapping
Did You Feel It?,Reporting
Digg,News Aggregation
Digital Activism Research Project,Collections
Digital Democracy,Legislation engagement
Digital Marketplace (UK),Marketplaces and Clearinghouses
Dipudatos,Legislation
dito,Online consultation suite
DoNotPay bot,Artificial Intelligence and Bots
Drupal Commons,Collaboration
e-Deliberation,Deliberation
e-Deliberation,Online dialogue and deliberation
E-democracia,Legislative Forum Making
e-dialogos,Decision making
e-dialogos,Engagement
e-dialogos,Voting
e-dialogos,Deliberation
e-dialogos,Petition
e-Liberate,Online dialogue and deliberation
Echo,Java software library
Echo,Web engineering
Echo,command
Echo,standard UNIX utility
Echo,web framework
Echo,web service
EFS Survey,Online survey
Elasticsearch,Distributed database management system
Elasticsearch,document-oriented database
Electionbuddy,E-voting
Electronic Grant Reporting,"Data Aggregation, Sharing, & Standards"
Emerging Citizens,Game
EngagementHQ,Online consultation suite
EngagingPlans,Online consultation suite
ESRI,Open data
ESRI,Publishing
ESRI,Portal
ESRI,Platform
Ethelo,Group decision-making
etouches,Conference Management
EuroPetition,Petition
EuroPetition,Engagement
Eventario,Open data
Evernote,Data Organizing
Evite,Conference Management
Explica la ley,Legislation
Face Acontecer (Nossas Cidades),Communication
Face Acontecer (Nossas Cidades),Donations
Face Acontecer (Nossas Cidades),Fundraising
Facebook Groups,Group communication tools
Facebook Safety Check,Check-in Tools
Favabank,Resource matching/sharing
"Federal Spending Transparency - not applicable to cities or states yet, but highly likely to be in the future.",Data schemas and standards
Feedbackr,Audience response system
Feedbackr,Engagement
Feedbackr,Event
Field Guides to Ensuring Voter Intent,"Voting, registration, and election information"
FileZilla,FileTransfer
FileZilla,Network
First Mile Geo,Crowdsourcing
First to See,Issue reporting
Fiscal Data Protocols,Data schemas and standards
Fiscales de la Red,Public reporting
Fiscales de la Red,Engagement
Fix my transport,Mapping
Fix my transport,Reporting
Fix my transport,Transports
Fix my transport,Public services
Fix my transport,Issue reporting
Flickr,Social media
Flickr,image hosting service
Flickr,social networking service
Flickr,video hosting service
Flickr,website
Flipboard,News Aggregation
Flipboard,application
Flow - Sidewalk Labs,Data Visualization Tools and Platforms
Flow Parking - Sidewalk Labs,Data Visualization Tools and Platforms
Fluxx,"Data Aggregation, Sharing, & Standards"
FOIA Machine,Freedom of Information
FOIA Mapper,Freedom of Information
FOIAXpress,Freedom of Information
Follow My Vote,E-voting
Follow the Money network,Watchdogging and Transparency
Fort Vancouver,Game
Foundation Directory Online,"Data Aggregation, Sharing, & Standards"
Foundation Registry i3,Fundraising & Matching
FoundationConnect,"Data Aggregation, Sharing, & Standards"
Foursquare,Check-in Tools
Foursquare,social networking service
Freeplane,Office
Froide,Freedom of Information
FrontlineSMS,Mobilizing
FrontPorchForum,Neighborhood forums
Full Fact,Watchdogging and Transparency
FutureAir,Sensors
FuzeBox,Communications & Meetings
Gabinete Digital,Communications
Gabinete Digital,Legislation
Gabinete Digital,Open data
Gabinete Digital,Engagement
Galas (Ukraine),Crowdsourcing
Games for Change,Game
Games for Change,video game
Gapminder World,Data Analysis & Visualization
Gasto Público Bahiense,"label
Budget    Budget
Budget    Budget
Name: label, dtype: object"
General Transit Feed Specification (GTFS),Data schemas and standards
GiFT,Harem
GiFT,Romance anime and manga
GiFT,Watchdogging and Transparency
GiFT,drama anime and manga
GiFT,eroge
GiFT,fantasy anime and manga
GiFT,platform game
GiFT,seinen manga
GiFT,video game
GiFT,visual novel
Gitter,Group communication tools
GivingData,Data Analysis & Visualization
Glasspockets,"Data Aggregation, Sharing, & Standards"
Global Giving,Fundraising & Matching
GlobalLeaks,Monitoring
GlobalLeaks,Reporting
GoFundMe,"label
Crowdfunding    Crowdfunding
Crowdfunding    Crowdfunding
Name: label, dtype: object"
Google Acclima partnership,Sensors
Google Calendar,Scheduling & Calendar Sharing
Google Calendar,web application
Google Calendar,website
Google Crisis Alerts,Service alerts
Google Crisis Map,Mapping
Google Moderator,Ideation
Google Moderator,Brainstorming
Google Person Finder,Check-in Tools
Google Wave,web service
Google+ Hangouts,instant messaging client
Goplan,Project Management
Goteo,"label
Crowdfunding    Crowdfunding
Crowdfunding    Crowdfunding
Name: label, dtype: object"
GotoMeeting,Communications & Meetings
GoToWebinar,Web conferencing
GovDelivery,Government to constituent communications
GovTrack,Legislation
GovTrack,Legislation engagement
GovTrack,Open data
Granicus,Government to constituent communications
GrantCraft Collaboration Assessment,Collaboration Diagnostics
Green Button,Data schemas and standards
Greentizen,Mobilizing
Greentizen,Proposal Making
GroupMap,Ideation
GroupMap,Brainstorming
GroupMind Express,Group decision support system (GDSS)
GroupServer,Group communication tools
Hackfoldr,Group communication tools
HandStack,Mobilizing
Harlem Heat Project,Sensors
Healthify,Benefit Navigation
HealthLeads,Benefit Navigation
HeatSeek,Sensors
Helios Voting,E-voting
HereLab,Sensors
Herox,Design Challenges
Herox,Proposal Making
Highrise,Collaboration
Housefacts,Data schemas and standards
Huddle,Collaboration
Huffington Post RYOT,Journalism action
Huffington Post Ways to Help feature,Journalism action
Human Services Data Specification,Data schemas and standards
Humanitarian Exchange Language,Data schemas and standards
IBM Collaboration Assessment Tool,Collaboration Diagnostics
iCanMakeItBetter,Ideation
iCanMakeItBetter,Brainstorming
iCarol,Benefit Navigation
Iceweasel,Network
Iceweasel,WebBrowser
iCitizen,Opinion matching
iCivics,Game
id kaart,Identity
Ideal-EU,Deliberation
Ideal-EU,Proposal Making
Idealist,Volunteering
IdeaNet,Ideation
IdeaNet,Brainstorming
IdeaTorrent,Ideation
IdeaTorrent,Brainstorming
Ignition Deck Wordpress plugin,"label
Crowdfunding    Crowdfunding
Crowdfunding    Crowdfunding
Name: label, dtype: object"
Imagine,3D modeling software
Imagine,Communication
Imagine,Deliberation
Imagine,Design Challenges
Imagine,Engagement
Imagine,Proposal Making
Imagine,image viewer
Imagine,proprietary software
IMeet,Communications & Meetings
ImportOmatic,"Data Aggregation, Sharing, & Standards"
Incoma,Debate
IndieGogo,"label
Crowdfunding    Crowdfunding
Crowdfunding    Crowdfunding
Name: label, dtype: object"
IndieGogo,Fundraising
IndieGogo,Fundraising & Matching
Info4Disasters,Crowdsourcing
Infogram,Data Analysis & Visualization
Instagram,Social media
Instagram,mobile app
Instagram,social networking service
Instagram,website
International Aid Transparency Initiative,Data schemas and standards
Intuit Brainstorm,Innovation Management
Intuit’s QuickBase,"Data Aggregation, Sharing, & Standards"
ioby,"label
Crowdfunding    Crowdfunding
Crowdfunding    Crowdfunding
Name: label, dtype: object"
Iota,Open data
iPetitions,Petition
Irekia,"label
Budget    Budget
Budget    Budget
Name: label, dtype: object"
Irekia,Education
Irekia,Legislation
Irekia,Transit
iSeeChange,Crowdsourcing
IssueLab,"Data Aggregation, Sharing, & Standards"
IssueVoter,Opinion matching
Joined Up Data Standards,Data schemas and standards
Journocoders,Journalism action
Junar,Open data
Junar,Publishing
Junar,Portal
Junar,Platform
KARL,Collaboration
Kawaa,Event organizing
KIVA,Fundraising & Matching
Kiva - Micro Loans,Fundraising
Kiva - Micro Loans,Micro Loans
Kiva - Micro Loans,Communication
Kiva - Micro Loans,Engagement
Knoema,Open data
Knoema,Publishing
Knoema,Portal
Knoema,Platform
Knomos,Data Visualization Tools and Platforms
Kohovolit,Watchdogging and Transparency
Konsento,Collaboration
Konsento,Communications
Konsento,Debate
Konsento,Education
Konsento,Environment
Konsento,Housing
Konsento,Information
Konsento,Legislation
Konsento,Open data
Konsento,Public reporting
Konsento,Security
Konsento,Voting System
Konsento,Engagement
Kritical Mass,"label
Crowdfunding    Crowdfunding
Crowdfunding    Crowdfunding
Name: label, dtype: object"
La fabrique de la loi,Information
La fabrique de la loi,Legislation
La fabrique de la loi,Open data
Lanyrd,Conference Management
LaunchGood,"label
Crowdfunding    Crowdfunding
Crowdfunding    Crowdfunding
Name: label, dtype: object"
Joomla,Content management system (CMS)
Joomla,web framework
Joomla,Blog
Kickstarter,"label
Crowdfunding    Crowdfunding
Crowdfunding    Crowdfunding
Name: label, dtype: object"
Kickstarter,Fundraising
Kickstarter,Fundraising & Matching
Leaflet.js,Mapping
Leaflet.js,Visualization
Learning Registry,Innovation Management
Legado del Bicentenario,Legislation
Legistorm,Watchdogging and Transparency
Leika,"label
Crowdfunding    Crowdfunding
Crowdfunding    Crowdfunding
Name: label, dtype: object"
Let's Encrypt,certificate authority
Library of Congress Machine Readable Cataloging,Data schemas and standards
Link NYC,Sensors
LinkedIn,Social Networking & Online Community
LinkedIn,Social media
LinkedIn,business enterprise
LinkedIn,social networking service
LittleSis,Watchdogging and Transparency
Livestream,Live video streaming
Livestream,video hosting service
Local Circles,Neighborhood forums
Local Inspector Value-Entry Specification (LIVES),Data schemas and standards
Local_In,Mapping
LocalData,Crowdsourcing
Madison (Keep the web open),Deliberation
Madison (Keep the web open),Proposal Making
Maidan Monitoring Information Center,Watchdogging and Transparency
Mapa de baches,Mapping
Mapa de baches,Reporting
MapAction,Mapping
MapKnitter,Mapping
MapLight,Watchdogging and Transparency
MapMaker,Mapping
Mashnotes,Constituent to Government communication
Measured Voice,Government to constituent communications
MediaNaranja,"Voting, registration, and election information"
Meie Raha,Budget visualization
Mejora tu escuela,Education
Mejora tu escuela,Engagement
Meu Rio,Constituent to Government communication
Mi ciudad ideal,Deliberation
Mi ciudad ideal,Proposal Making
Mi ciudad ideal,Voting
Micromappers,Crowdsourcing
Microsoft TownHall,Virtual townhall
MidiaNinja,Journalism action
Million Dollar Blocks,Mapping
Mind My Business,Service alerts
MindMixer,Proposal Making
MindMixer,Ideation
MindMixer,Brainstorming
Mindomo,Data Organizing
Mixedink,Collaborative document writing
Mixedink,Content management system
Mon P'ti Voisinage,Neighborhood forums
Movabletype,Blog
MoveOn Petitions,Petition
Movim,Blog
mRelief,Benefit Navigation
MuckRock,Freedom of Information
MyCity,Collaboration
MyCity,Communications
MyCity,Map
MyCity,Engagement
MyReps,Constituent to Government communication
MySidewalk,Data Visualization Tools and Platforms
Myspace,Social media
Myspace,social networking service
Namara,Open data
Namara,Publishing
Namara,Portal
Namara,Platform
Neighborhoods.NYC,Service alerts
Neighborland,Contribution and Decision Making
Neighborland,"label
Crowdfunding    Crowdfunding
Crowdfunding    Crowdfunding
Name: label, dtype: object"
Neighborland,Deliberation
Neighborland,Design Challenges
Neighborland,Proposal Making
NetSuite,Collaboration
Network for Good,Fundraising & Matching
New York City - Office of the Mayor’s FOIL Tracker,Freedom of Information
Next 10 Budget Challenge,Budget simulator
Next Stop Design,Deliberation
Next Stop Design,Design Challenge
Next Stop Design,Proposal Making
Nextdoor,Service alerts
NGOsource,"Data Aggregation, Sharing, & Standards"
Ning,social networking service
NoteApp,File Sharing & Collaborative Writing
Occupy Sandy's usage of Amazon Prime,Resource matching/sharing
ODX,Open data
ODX,Publishing
ODX,Portal
ODX,Platform
OffenerHaushalt,"label
Budget    Budget
Budget    Budget
Name: label, dtype: object"
OffenerHaushalt,Open data
OHail,Data schemas and standards
One Spark,Fundraising & Matching
OneDegree,Benefit Navigation
Onehub,File Sharing & Collaborative Writing
OneLobby,Conference Management
Oogwave,Collaboration
OoVoo,Communications & Meetings
OoVoo,instant messaging client
OoVoo,softphone
OpaVote,E-voting
Open Active Voting,Voting
Open Ahjo,Implementing
Open Aid Register,"Data Aggregation, Sharing, & Standards"
Open Atrium,Project Management
Open Budget Oakland,"label
Budget    Budget
Budget    Budget
Name: label, dtype: object"
Open Civic Data Standard,Data schemas and standards
Open Connectivity Foundation,Data schemas and standards
Open Contracting,Data schemas and standards
Open Corporates,Data schemas and standards
Open Eligibility,Data schemas and standards
"Open Hunting & Fishing - this standard requires a reasonable amount of technical skill to use, using JSON-Schema files to describe the data structures.",Data schemas and standards
Open IDEO,Deliberation
Open IDEO,Proposal Making
Open Ideo,Ideation
Open North Represent,Mapping
Open North Represent,Reporting
Open North Represent,Visualization
Open NY,Open data
Open NY,Publishing
Open NY,Portal
Open NY,Platform
Open Procurement,Data schemas and standards
Open Public Procurement,Open data
Open Public Procurement,Publishing
Open Public Procurement,Portal
Open Public Procurement,Platform
Open Referral,Data schemas and standards
Open Town Hall (Peak Democracy),Deliberation
Open Town Hall (Peak Democracy),Mapping
Open Town Hall (Peak Democracy),Proposal Making
Open Trails,Data schemas and standards
OpenCollective,"label
Crowdfunding    Crowdfunding
Crowdfunding    Crowdfunding
Name: label, dtype: object"
OpenCorporates,Watchdogging and Transparency
OpenDataLoft,Open data
OpenDataLoft,Publishing
OpenDataLoft,Portal
OpenDataLoft,Platform
OpenIR,Mapping
OpenMaint,Housing
OpenReferral,Benefit Navigation
OpenShed,Resource matching/sharing
OpenSpending,Watchdogging and Transparency
OpenTheBooks,Watchdogging and Transparency
Opinion Space,Proposal Making
Opinion Space,Voting
Opinion Space,Visualization
OptiRTC,Sensors
Orcamento Participativo Digital,Contribution and Decision Making
Orcamento Participativo Digital,Voting
Organizer,Campaign organizing platforms
Orkut,Social media
Orkut,social networking service
Osale,Deliberation
Our Common Place,Service alerts
OurGoods,Resource matching/sharing
Panela de Pressao,Mobilizing
Panela de Pressao,Petition
Participa,Deliberation
Participa,Voting
Participa en Andalucía,Deliberation
Participa en Andalucía,Proposal Making
Participatório,Collaboration
Participatório,Communications
Participatório,Debate
Participatório,Education
Participatório,Information
Participatório,Engagement
PassLok,Mobilizing
PETLab,Game
PFIF missing persons,Data schemas and standards
Philanthropy News Digest,News Aggregation
Pimp my Corroca,"label
Crowdfunding    Crowdfunding
Crowdfunding    Crowdfunding
Name: label, dtype: object"
Pinterest,Social media
Pinterest,social networking service
Pinterest,website
Placemeter,Sensors
PlaceSpeak,Ideation
Plaxo,Data Gathering
Plone,Content management system
Plone,Content management system (CMS)
Plone,web framework
PlumeLabs,Sensors
PlusPool,Sensors
PmWiki,Collaborative document writing
PmWiki,Wiki
Poderpedia,Watchdogging and Transparency
Poedit,application
Polis,Campaign organizing platforms
Politifact,Watchdogging and Transparency
Poll Everywhere,Audience response system
Poll Everywhere,Data Gathering
Poll Everywhere,Polling
Poll Everywhere,Event
Pop Vox,Monitoring
Pop-up Newsroom,Journalism action
PopVox,Constituent to Government communication
Portal de Datos Abiertos de la Municipalidad de Miraflores,Open data
PopIt,Information
PopIt,Open data
PopIt,Engagement
Popit (2.0),Crowdsourcing
Por Mi Barrio,Map
Por Mi Barrio,Open data
Por Mi Barrio,Public reporting
Por Mi Barrio,Engagement
Positive News Network,Journalism action
PowerFoule,Petition
President's Challenge,Mobilizing
President's Challenge,Petition
ProjectVoteSmart,Watchdogging and Transparency
PromiseTracker,Watchdogging and Transparency
ProtonMail,Mobilizing
ProtonMail,webmail
Public Data Explorer,Data Visualization Tools and Platforms
Public ideas vibes,Ideation
Public ideas vibes,Deliberation
Public ideas vibes,Proposal Making
PublicLab,Sensors
Publish What You Fund,Watchdogging and Transparency
Purple Binder,Benefit Navigation
Quake Quiz SF,Game
QueProponen,Debate
QueProponen,Information
QueProponen,Voting System
QueProponen,Engagement
Quien te financia,Information
Quien te financia,Open data
Quora,Data Gathering
Quora,Information
Quora,Information Access
Quora,Q&A website
Quora,business enterprise
Quora,privately held company
Race to the White House,Game
Rally,"label
Crowdfunding    Crowdfunding
Crowdfunding    Crowdfunding
Name: label, dtype: object"
Ramo 23,"label
Budget    Budget
Budget    Budget
Name: label, dtype: object"
Ramo 23,Information
Ramo 23,Open data
Rationale,Argument mapping
READ ME FIRST,Data schemas and standards
Ready Talk,Communications & Meetings
RealtimeBoard,Virtual whiteboard
Reason!Able,Argument mapping
RecordTrac,Freedom of Information
Redbooth,Project Management
Redmine,Project Management
Refugees United,Check-in Tools
Regulation Room,Constituent to Government communication
Remesh,Group communication tools
Repara Ciudad,Issue reporting
Represent,Data schemas and standards
Representantes Patito,Communications
Representantes Patito,Information
Representantes Patito,Legislation
Representantes Patito,Map
Representantes Patito,Open data
RetroShare,application
Rock the Vote registration widget,"Voting, registration, and election information"
SafeCast,Sensors
Sahana Eden check-in,Check-in Tools
SALSA,Campaign organizing platforms
SALSA,programming language
SandDance,Data Visualization Tools and Platforms
Sandy Coworking Map,Resource matching/sharing
Say It,Communications
Say It,Open data
Scrapers,Crowdsourcing
ScreenIO,Education
Second Life,Virtual world
Second Life,video game
See Click Fix,Mapping
See Click Fix,Reporting
see IFCNF,Watchdogging and Transparency
SeeClickFix,Issue reporting
SelectSurvey.NET,Online survey
Selfstarter,Contribution and Decision Making
Selfstarter,Fundraising
SendHub,Mobilizing
SensorR Civico,Mapping
SensorR Civico,Reporting
Serval,Communications
Service Interface for Real Time Information (SIRI),Data schemas and standards
SF72,Resource matching/sharing
ShineYourEye,Legislation engagement
SigAint,Mobilizing
SigaLei,Legislation
SigaLei,Open data
SIGNAL,mobile app
SIGNAL,programming language
SIGNAL,Encryption
Silicon Valley Talent Partnership,Resource matching/sharing
Singapore Memory Project,Collaborative calendars
SingleStop,Benefit Navigation
Sistema de Información Legislativa,Legislative Forum Making
SketchHatch,Virtual whiteboard
SketchTogether,Virtual whiteboard
Slate CRM,Project Management
SlideShare,Social media
SlideShare,online service
SlideShare,website
SMS Platform,Mobilizing
Social Coding 4 Good,Resource matching/sharing
Socialtext,Collaboration
Socrata,Mapping
Socrata,Visualization
Socrata,Open data
Socrata,Publishing
Socrata,Portal
Socrata,Platform
"Socrata data formats for Budget, Expenditures, and Service Connect",Data schemas and standards
Solutions Journalism Network,Journalism action
Solved!,Deliberation
Solved!,Proposal Making
Soofa,Sensors
Sortition,Group decision-making
SoundCloud,privately held company
SoundCloud,social networking service
SpaceHive,"label
Crowdfunding    Crowdfunding
Crowdfunding    Crowdfunding
Name: label, dtype: object"
Spotcrime Open Crime Data Standard (SOCS),Data schemas and standards
Stack Exchange,Deliberation
Stae,Data Visualization Tools and Platforms
State Decoded,Data schemas and standards
STET,text editor
Stormboard,Virtual whiteboard
Street Bump,Mapping
Street Bump,Reporting
Street Life,Neighborhood forums
Street Lives NYC,Crowdsourcing
StreetBank,Resource matching/sharing
Streetmix,Collaboration
Streetmix,Transit
Streetmix,Engagement
Syncthing,File synchronisation
Takadu,Sensors
Talk About Local,Journalism action
Taproot Foundation,Resource matching/sharing
TeamRaiser,Fundraising & Matching
Technology Transformation Service citizen authentication,Identity
Tecmark 635,Ideation
Tecmark 635,Brainstorming
Tele-Town Hall,Virtual townhall
Telegram,Mobilizing
Terra Incognita,Game
Textbelt,Mobilizing
Textizen,Communications
Textizen,Ideation
Textizen,SMS Voting
Textizen,Voting
TextSecure,Encryption
The California Report Card,Civic forums
The Civic Cloud Collaborative,Civic forums
The Hive,shoot 'em up
The Hive,video game
The Madison Project,Collaborative document writing
The State Decoded,Legislation
They Work For You,Communications
They Work For You,Information
TheyWorkforYou,Watchdogging and Transparency
ThoughtFarmer,Collaboration
ThoughtFarmer,Blog
Thumb,Joint Decision Making
TimeBridge,Communications & Meetings
Timepad,Event organizing
Tinder + Wedgie candidate matching,Opinion matching
TitanPad,Proposal Making
TOCO,Collaboration Diagnostics
Tools and Resources for Assessing Social Impact,"Data Aggregation, Sharing, & Standards"
Tracky,Project Management
Transit Future,Transit
TransitScreen,Data Visualization Tools and Platforms
Tu Parlamento,Deliberation
TurboVote,"Voting, registration, and election information"
Tutanota,Mobilizing
TWiki,Collaborative document writing
TWiki,Wiki
Twister,Blog
TypePad,Blog
TYPO3,Content management system (CMS)
TYPO3,web framework
TYPO3,Blog
UNICEF-GIS,Mapping
UniteUS,Benefit Navigation
UserVoice,Ideation
UserVoice,Brainstorming
Ushahidi,Mapping
Veniam,Sensors
Verily,Crowdsourcing
Verto,Opinion matching
VFemail,Mobilizing
Video Games Without Borders,Game
Virtru,Mobilizing
Virtual Singapore,Data Visualization Tools and Platforms
Vizalytics,Service alerts
Voatz,E-voting
Vote Compass,Opinion matching
Vote for Policies,Opinion matching
Vote Match/On the Issues,Opinion matching
VoteIQ,Legislation engagement
VoteIt,Joint Decision Making
Voting Information Project,"Voting, registration, and election information"
Wasa2il,Debate
Wasa2il,Voting System
WASHFunders,Data Analysis & Visualization
Washington D.C.'s FOIA portal (see also DC FOIA SERVO),Freedom of Information
WayCount,Sensors
Waze Connected Citizens,Sensors
WebEx,Communications & Meetings
WebNabludatel,Watchdogging and Transparency
WebStorm,Ideation
WebStorm,Brainstorming
WeDecide,Ideation
WeDecide,Brainstorming
Weebly,Content management system (CMS)
Weebly,Blog
Wetpaint,Wiki
WhatDoTheyKnow,Freedom of Information
Wheelie Map,Issue reporting
Wheelmate,Information
Wheelmate,Mapping
Wheelmate,Reporting
Where's my bus?,Service alerts
Where's my school bus?,Service alerts
Wiggio,Collaboration
Wikispaces,Wiki
Wilder Collaboration Factors Inventory,Collaboration Diagnostics
Windy City,Data Visualization Tools and Platforms
Wiser Earth,Social Networking & Online Community
Wordle,Visualization
Yahoo Groups,Group communication tools
YetAnotherForum.NET,Discussion forum
YouCaring,Fundraising
Youcut,Deliberation
Your Priorities,Deliberation
Your Priorities,Proposal Making
Zilino,Group decision-making
Zilino,Online consultation suite
Zilino,Online dialogue and deliberation
Ziteboard,Communications & Meetings
Zoho CRM,"Data Aggregation, Sharing, & Standards"
Zoom,puzzle video game
Zoom,video game
Zooniverse,citizen science
Zooniverse,web portal
Audio Notetaker,Note
Audio Notetaker,Audio
Audio Notetaker,Recording
Audio Notetaker,Annotation
Audio Notetaker,Organization
Diaspora,massively multiplayer online game
Diaspora,point and click
Diaspora,social networking service
Diaspora,video game
